{
  "0": {
    "precision": 0.8568935427574171,
    "recall": 0.6343669250645995,
    "f1-score": 0.7290274684484038,
    "support": 774.0
  },
  "1": {
    "precision": 0.2780612244897959,
    "recall": 0.5706806282722513,
    "f1-score": 0.37392795883361923,
    "support": 191.0
  },
  "accuracy": 0.6217616580310881,
  "macro avg": {
    "precision": 0.5674773836236066,
    "recall": 0.6025237766684254,
    "f1-score": 0.5514777136410115,
    "support": 965.0
  },
  "weighted avg": {
    "precision": 0.7423267315769865,
    "recall": 0.6217616580310881,
    "f1-score": 0.6587435240583273,
    "support": 965.0
  }
}